{"cameraMode":{"drawMode":1,"name":"Wireframe","section":"Shading Mode"},"sceneLighting":true,"audioPlay":false,"sceneViewState":{"showFog":true,"showMaterialUpdate":false,"showSkybox":true,"showFlares":true,"showImageEffects":true,"showParticleSystems":true},"in2DMode":false,"pivot":{"x":-2.373727560043335,"y":12.472372055053711,"z":-1.0517171621322632},"rotation":{"x":-0.10545841604471207,"y":-0.1630197912454605,"z":0.017528140917420389,"w":-0.9808161854743958},"size":4.66795539855957,"orthographic":false}